Timestamp,1. what is your age,2. What is your gender?,district,4. In which village or area do you live?,5. How many years have you been farming?,6. Do you farm on your own land or rented land?,7. What type of crops or produce do you grow?,8. What is the approximate size of your farm?,9. What is your average production per season?,10. Where do you sell most of your produce?,local_price,city_price,13. Transport frequency,transports_to_city,transport_cost,challenges,phone_ownership,18. Internet access,19. Comfort using apps,use_app_willingness,21. Payment methods,preferred_solutions,23. Willing to join cooperative,24. Biggest challenge (open-ended),25. Recommended solution (open-ended),26. Consent,27. May we contact you?,28. Phone number (optional),price_difference,profit_potential
1/29/2025 9:45,45–54,Female,Karonga,Purpose Village,Less than 1 year,Own land,"Maize, Fruits, Groundnuts",More than 5 acres,76,Middlemen,827.39,995.7834721,Once per season,Yes,14917.95,No transport,Smartphone,Never,4,Yes,Cash,"Price information, Cooperative transport, Aggregation centre",4,Shoulder future fall citizen about.,Serve light past town.,Yes,No,,168.39347210000005,-14749.5565279
4/23/2025 21:04,55+,Female,Mzimba,Brother Village,Less than 1 year,Own land,Beans,1–2 acres,15,Home/Village,153.68,218.1601151,Monthly,Sometimes,,"Middlemen, Long distance",Smartphone,Sometimes,4,No,"Cash, Mobile Money","Price information, Aggregation centre",1,Will seven medical blood personal.,Eight strong nature.,Yes,No,,64.4801151,
9/18/2025 20:33,35–44,Female,Karonga,Ago Village,More than 15 years,Own land,Fruits,Less than 1 acre,109,Home/Village,222.17,290.8436044,Occasionally,Yes,10265.75,"Bad roads, High cost, No transport",Feature phone,Always,1,Maybe,Bank,"Mobile app, Price information, Cooperative transport",1,Participant check several much single morning a.,Month book explain feeling answer information soldier lead.,Yes,No,,68.67360440000002,-10197.0763956
1/27/2025 3:51,55+,Male,Dedza,Site Village,4–7 years,Rented land,Fruits,1–2 acres,105,Middlemen,370.22,633.3236648,Occasionally,No,,"Spoilage, Bad roads, No transport",Smartphone,Always,5,No,Bank,Aggregation centre,1,Major born guy world southern dream.,Student matter movie place.,Yes,No,,263.10366479999993,
4/8/2025 8:34,55+,Male,Mzimba,Face Village,4–7 years,Family land,"Vegetables, Maize, Rice",1–2 acres,18,Town market,715.2,1012.737093,Once per season,Sometimes,,"Spoilage, Long distance",No,Always,4,Maybe,"Bank, Cash",Price information,4,There water beat magazine attorney.,Drop century investment pass drive indicate professor.,Yes,No,,297.5370929999999,
2/8/2025 3:18,25–34,Female,Mzimba,Election Village,More than 15 years,Own land,Maize,3–5 acres,64,Local market,823.47,1042.483064,Weekly,Sometimes,,Spoilage,Feature phone,Sometimes,1,Maybe,"Mobile Money, Bank",Price information,1,She campaign little near enter their institution.,Model guess well name.,Yes,No,,219.01306399999999,
3/18/2025 16:03,35–44,Female,Mzimba,Dog Village,8–15 years,Rented land,Beans,More than 5 acres,34,City market,703.01,864.4995768,Never,Yes,8808.97,"High cost, Middlemen",Smartphone,Rarely,4,Yes,Mobile Money,Mobile app,3,Up sense ready require human.,Never hospital like player wonder effect administration.,Yes,No,,161.4895768,-8647.480423199999
10/9/2025 18:58,35–44,Male,Lilongwe,Chair Village,4–7 years,Rented land,Vegetables,3–5 acres,39,Local market,633.39,845.2834109,Once per season,Sometimes,,"Bad roads, High cost",Feature phone,Sometimes,5,Maybe,"Mobile Money, Cash","Mobile app, Cooperative transport, Training",5,Just military building different full open.,General run pick sign.,Yes,No,,211.89341090000005,
8/14/2025 11:32,35–44,Male,Mangochi,Since Village,Less than 1 year,Family land,"Maize, Vegetables, Beans",3–5 acres,89,Middlemen,514.91,713.5089648,Once per season,Yes,11229.11,"Middlemen, High cost, Long distance",Feature phone,Rarely,3,No,Cash,"Mobile app, Training, Cooperative transport",3,Open according remain arrive attack.,Card good full poor store range.,Yes,No,,198.59896479999998,-11030.511035200001
7/9/2025 4:56,55+,Female,Lilongwe,Blue Village,Less than 1 year,Own land,"Fruits, Vegetables, Rice",3–5 acres,41,Home/Village,210.69,356.5930651,Monthly,Yes,7512.88,No transport,Feature phone,Sometimes,5,Maybe,"Cash, Bank","Aggregation centre, Mobile app, Price information",1,Teacher audience draw.,Place specific as simply leader fall analysis.,Yes,No,,145.9030651,-7366.9769349
5/9/2025 11:45,45–54,Male,Lilongwe,Require Village,1–3 years,Family land,Rice,3–5 acres,9,Home/Village,820.72,887.1265361,Occasionally,Yes,1841.99,"High cost, Long distance",Smartphone,Sometimes,2,Maybe,"Bank, Mobile Money",Cooperative transport,3,Democrat car very number line six space.,Though firm financial huge spring.,Yes,No,,66.40653609999993,-1775.5834639
5/19/2025 16:46,35–44,Female,Dedza,Sit Village,4–7 years,Own land,"Groundnuts, Maize, Beans",3–5 acres,87,City market,680.87,936.2482369,Once per season,Yes,8872.16,No transport,No,Always,4,Yes,Mobile Money,Aggregation centre,1,Behind probably great in tell.,Education send course ground sit tend forward.,Yes,No,,255.37823690000005,-8616.7817631
2/19/2025 19:03,55+,Female,Ntcheu,Wait Village,8–15 years,Rented land,"Rice, Groundnuts, Vegetables",1–2 acres,82,Home/Village,597.26,740.2183823,Once per season,Yes,14406.75,"No transport, Middlemen",No,Never,4,Maybe,Mobile Money,Price information,4,Pull worker better.,Son join hundred keep.,Yes,No,,142.95838230000004,-14263.7916177
9/18/2025 16:55,25–34,Male,Mangochi,Offer Village,More than 15 years,Rented land,Beans,3–5 acres,30,Home/Village,681.33,,Weekly,Sometimes,,"Long distance, No transport, Bad roads",Smartphone,Never,2,Maybe,Bank,Mobile app,3,Rock song body court movie cell.,Fund cost reality happen something entire.,Yes,No,,,
9/12/2025 13:27,45–54,Male,Karonga,Begin Village,More than 15 years,Rented land,"Maize, Fruits",3–5 acres,66,City market,656.87,,Weekly,No,,"Bad roads, Spoilage",Feature phone,Rarely,2,No,"Cash, Bank","Training, Mobile app, Aggregation centre",4,Everything economic type kitchen.,Risk bad own state.,Yes,No,,,
4/2/2025 2:00,25–34,Female,Nkhatabay,Performance Village,8–15 years,Rented land,"Maize, Groundnuts",More than 5 acres,8,City market,596.06,850.7564108,Never,No,,"Bad roads, Spoilage, High cost",Smartphone,Never,3,Yes,"Bank, Mobile Money","Aggregation centre, Cooperative transport, Price information",4,Better present music address behavior send door.,Family bill foreign fast knowledge response coach.,Yes,No,,254.69641080000008,
2/8/2025 20:29,45–54,Female,Mzimba,Knowledge Village,1–3 years,Family land,"Vegetables, Groundnuts",Less than 1 acre,93,Middlemen,836.4,949.5271874,Monthly,Sometimes,,"Middlemen, High cost, Long distance",Smartphone,Sometimes,4,Yes,"Mobile Money, Cash","Price information, Training",2,Magazine degree husband around her world.,Goal amount thank good your ever.,Yes,No,,113.12718740000003,
4/21/2025 17:40,55+,Male,Karonga,Almost Village,More than 15 years,Own land,Fruits,1–2 acres,113,Home/Village,782.35,832.60737,Never,Sometimes,,"Long distance, Spoilage, High cost",Smartphone,Sometimes,4,Yes,Cash,"Price information, Training, Mobile app",1,Unit size expect recent room.,Avoid point guy song.,Yes,No,,50.25736999999992,
8/29/2025 14:18,18–24,Female,Mzimba,All Village,4–7 years,Own land,"Vegetables, Maize",1–2 acres,46,Home/Village,602.67,692.4045708,Weekly,No,,Long distance,Feature phone,Always,3,Maybe,"Cash, Bank",Aggregation centre,5,Product main couple design around save article.,Well central parent sit.,Yes,No,,89.73457080000003,
1/28/2025 2:39,45–54,Male,Dedza,Better Village,1–3 years,Family land,"Maize, Vegetables",1–2 acres,93,Middlemen,635.22,,Occasionally,No,,No transport,Smartphone,Always,1,Yes,Cash,"Cooperative transport, Price information",1,Arm once me system church whether.,Call door population.,Yes,No,,,
3/17/2025 3:32,25–34,Female,Mzimba,Discover Village,4–7 years,Own land,"Fruits, Vegetables",3–5 acres,22,Town market,186.12,,Weekly,No,,Long distance,Feature phone,Never,3,Maybe,Mobile Money,"Training, Mobile app",5,Surface attention attack technology.,Him note painting quickly we head.,Yes,No,,,
5/4/2025 9:58,55+,Male,Lilongwe,Early Village,Less than 1 year,Rented land,"Vegetables, Beans",3–5 acres,44,Town market,618.94,,Monthly,No,,Bad roads,Smartphone,Rarely,5,Maybe,"Mobile Money, Bank",Training,1,Build three east organization people information.,Off morning huge power.,Yes,No,,,
7/8/2025 16:33,45–54,Male,Mangochi,Mouth Village,1–3 years,Own land,"Maize, Fruits, Beans",3–5 acres,76,Town market,180.92,,Weekly,No,,"Middlemen, No transport",No,Never,4,No,Mobile Money,"Training, Aggregation centre, Cooperative transport",4,North first end prove fire enter capital population.,Whether ago control military trial.,Yes,No,,,
6/25/2025 0:19,18–24,Male,Nkhatabay,Play Village,More than 15 years,Rented land,"Maize, Beans",More than 5 acres,43,Middlemen,561.78,728.9148542,Monthly,Yes,3454.24,"Spoilage, High cost",Smartphone,Never,2,No,"Bank, Mobile Money","Training, Cooperative transport",3,First sell authority leader your you available.,Energy employee land you.,Yes,No,,167.13485420000006,-3287.1051457999997
5/8/2025 12:24,18–24,Female,Blantyre,Agreement Village,1–3 years,Family land,Rice,Less than 1 acre,108,Home/Village,849.55,1135.625909,Monthly,Sometimes,,Spoilage,Smartphone,Never,5,No,Cash,Training,3,Media car give attention each.,Really your customer career available.,Yes,No,,286.07590900000014,
8/28/2025 8:43,35–44,Female,Mzimba,Option Village,1–3 years,Own land,"Rice, Groundnuts",3–5 acres,18,Middlemen,539.06,,Monthly,Yes,10660.07,"Spoilage, Bad roads, High cost",No,Never,4,No,Cash,Mobile app,2,Citizen street region particularly would.,Together knowledge because radio.,Yes,No,,,
9/14/2025 2:15,35–44,Male,Karonga,Decide Village,1–3 years,Family land,Groundnuts,Less than 1 acre,36,Middlemen,481.25,,Monthly,No,,"Long distance, Spoilage, Middlemen",Feature phone,Sometimes,3,No,Bank,Aggregation centre,5,Account stage federal professional voice care break.,Property remember nearly face feel church.,Yes,No,,,
4/29/2025 17:06,25–34,Female,Lilongwe,Sense Village,1–3 years,Own land,"Beans, Groundnuts",More than 5 acres,55,Town market,369.0,444.5484049,Monthly,No,,"High cost, No transport",Feature phone,Rarely,5,Maybe,Mobile Money,"Aggregation centre, Mobile app",5,Score choice example decision.,Soldier meeting building cut.,Yes,No,,75.54840489999998,
9/27/2025 7:29,45–54,Male,Blantyre,Rate Village,4–7 years,Rented land,"Fruits, Maize, Beans",1–2 acres,42,Local market,234.37,497.9224436,Occasionally,No,,Middlemen,Smartphone,Sometimes,4,Maybe,"Bank, Mobile Money","Mobile app, Cooperative transport, Aggregation centre",5,Data plant enough major town suffer.,Door management guess occur.,Yes,No,,263.5524436,
8/15/2025 20:51,45–54,Male,Nkhatabay,Science Village,Less than 1 year,Family land,"Fruits, Beans, Vegetables",3–5 acres,101,Home/Village,661.72,,Never,Yes,3813.07,Spoilage,No,Rarely,1,Yes,"Bank, Mobile Money",Training,4,Plant stop analysis four.,Sound necessary partner beat finally yourself rest.,Yes,No,,,
3/1/2025 4:25,35–44,Female,Blantyre,Offer Village,8–15 years,Own land,"Rice, Groundnuts",Less than 1 acre,27,Town market,284.82,466.5760241,Once per season,Yes,8501.59,High cost,Feature phone,Always,1,Maybe,"Mobile Money, Cash","Aggregation centre, Mobile app",5,Pm energy scientist necessary.,Improve important offer by first avoid letter.,Yes,No,,181.7560241,-8319.833975900001
8/8/2025 15:19,45–54,Female,Lilongwe,Kind Village,1–3 years,Rented land,"Fruits, Vegetables, Beans",Less than 1 acre,67,Local market,230.7,487.1801914,Never,No,,Long distance,Smartphone,Never,2,Maybe,Mobile Money,"Training, Cooperative transport, Mobile app",3,Night born war real chance along.,General there sister policy consider whom item.,Yes,No,,256.4801914,
8/9/2025 3:32,45–54,Male,Mangochi,Discussion Village,More than 15 years,Family land,"Groundnuts, Maize, Beans",3–5 acres,19,Local market,445.23,569.8236077,Monthly,Yes,2353.47,"No transport, Middlemen",No,Sometimes,4,No,"Cash, Mobile Money","Aggregation centre, Training, Cooperative transport",4,Old challenge camera final together someone.,Story million fight class.,Yes,No,,124.5936077,-2228.8763922999997
5/22/2025 13:19,18–24,Female,Mangochi,List Village,1–3 years,Family land,Groundnuts,1–2 acres,101,City market,706.74,,Occasionally,Yes,7305.19,"Bad roads, High cost",Feature phone,Rarely,1,Maybe,"Bank, Mobile Money","Training, Mobile app, Price information",1,Together decide economic.,Generation wait thus suffer economy.,Yes,No,,,
11/10/2025 16:18,35–44,Female,Ntcheu,Perform Village,More than 15 years,Own land,"Groundnuts, Maize",1–2 acres,29,Home/Village,671.55,931.5367912,Weekly,No,,"Middlemen, Spoilage",Feature phone,Always,3,No,Cash,Cooperative transport,5,Government nice themselves wind.,Ever person pass behavior political option oil.,Yes,No,,259.9867912000001,
5/3/2025 20:26,55+,Male,Mangochi,Fall Village,4–7 years,Own land,Vegetables,1–2 acres,21,Local market,188.42,431.625695,Occasionally,Yes,11586.29,"Bad roads, Spoilage, Middlemen",No,Always,4,Yes,"Bank, Cash",Cooperative transport,5,Understand door class son.,Probably result painting successful.,Yes,No,,243.20569500000002,-11343.084305
6/16/2025 8:06,35–44,Male,Ntcheu,Table Village,More than 15 years,Own land,"Groundnuts, Beans, Rice",More than 5 acres,101,Town market,468.6,576.1134208,Monthly,Sometimes,,"High cost, No transport",No,Never,3,Yes,Cash,"Training, Mobile app, Price information",1,Thing agent say forward.,American tell ball we side enough decision.,Yes,No,,107.51342079999995,
3/7/2025 11:50,55+,Female,Blantyre,True Village,8–15 years,Rented land,"Fruits, Rice",Less than 1 acre,115,City market,515.7,598.5337816,Occasionally,Sometimes,,Bad roads,No,Rarely,3,Maybe,"Cash, Bank",Training,5,Soon ten specific environment skin blue.,Indicate police marriage phone face what lot.,Yes,No,,82.83378159999995,
1/2/2025 21:02,18–24,Male,Dedza,According Village,Less than 1 year,Own land,Groundnuts,Less than 1 acre,70,Home/Village,601.18,868.1935806,Occasionally,Sometimes,,"Spoilage, No transport, Middlemen",No,Sometimes,1,Yes,"Mobile Money, Bank","Training, Cooperative transport",1,Teach develop staff.,Father authority art keep machine daughter.,Yes,No,,267.01358060000007,
5/2/2025 15:22,25–34,Male,Karonga,Song Village,More than 15 years,Family land,Beans,Less than 1 acre,82,Middlemen,605.12,895.9291634,Monthly,Sometimes,,High cost,Smartphone,Never,4,Maybe,Cash,"Training, Mobile app",4,Glass star the development process huge everything.,Century technology floor write generation human set middle.,Yes,No,,290.8091634,
4/6/2025 14:31,45–54,Female,Karonga,Sure Village,More than 15 years,Family land,"Vegetables, Fruits, Groundnuts",More than 5 acres,57,Town market,405.29,463.1155784,Occasionally,No,,Middlemen,No,Sometimes,5,Yes,"Bank, Mobile Money","Mobile app, Price information, Cooperative transport",3,Whom evidence political hundred.,Five letter environment easy.,Yes,No,,57.82557839999998,
11/2/2025 2:52,18–24,Male,Blantyre,Collection Village,Less than 1 year,Own land,"Vegetables, Rice, Fruits",Less than 1 acre,108,Local market,542.47,,Once per season,No,,"No transport, High cost, Spoilage",Feature phone,Always,1,No,Cash,"Price information, Mobile app, Aggregation centre",1,Former agree theory end oil worker although.,Anything war ten industry.,Yes,No,,,
3/28/2025 0:46,45–54,Male,Mzimba,Save Village,8–15 years,Own land,"Beans, Fruits",More than 5 acres,108,Local market,486.74,719.5575167,Once per season,No,,"High cost, Long distance, Bad roads",Feature phone,Sometimes,1,No,"Bank, Cash",Cooperative transport,2,Its rock finish paper memory history office effort.,Spend value return couple.,Yes,No,,232.81751669999994,
10/4/2025 14:10,25–34,Female,Mzimba,Knowledge Village,1–3 years,Family land,"Rice, Maize, Vegetables",1–2 acres,55,Town market,769.5,1046.881128,Occasionally,Sometimes,,"Middlemen, Bad roads, Spoilage",Smartphone,Sometimes,4,No,"Cash, Mobile Money",Price information,1,Ability understand Mrs rest score provide.,Marriage method material final.,Yes,No,,277.381128,
10/15/2025 7:35,25–34,Female,Mangochi,Grow Village,More than 15 years,Rented land,Beans,3–5 acres,43,Local market,521.19,785.530023,Weekly,Sometimes,,No transport,Feature phone,Never,4,No,Mobile Money,"Price information, Training",5,Issue we TV perhaps professional by.,Bed hotel lead.,Yes,No,,264.340023,
9/6/2025 21:02,18–24,Male,Karonga,Fall Village,Less than 1 year,Own land,"Beans, Rice, Maize",Less than 1 acre,55,City market,458.72,749.8501181,Monthly,Yes,5866.0,"Middlemen, Bad roads",Feature phone,Sometimes,3,Maybe,Mobile Money,Mobile app,4,Medical project for recent never.,Democrat good anything manager think.,Yes,No,,291.1301181,-5574.8698819
6/19/2025 8:58,25–34,Male,Karonga,Clearly Village,4–7 years,Own land,"Rice, Vegetables",Less than 1 acre,74,Home/Village,433.14,673.1635196,Once per season,Yes,10308.76,Bad roads,No,Never,4,Yes,Mobile Money,"Aggregation centre, Mobile app, Price information",4,Inside wait quality total past.,Experience account blue care enough hand idea.,Yes,No,,240.0235196,-10068.7364804
4/18/2025 10:50,55+,Female,Ntcheu,Dinner Village,Less than 1 year,Family land,"Vegetables, Groundnuts",1–2 acres,10,City market,550.7,711.2746906,Weekly,Sometimes,,"Bad roads, Spoilage",Feature phone,Always,3,Maybe,"Bank, Mobile Money","Mobile app, Price information",1,Image street fight decision size.,Hundred now crime.,Yes,No,,160.57469059999994,
11/23/2025 6:23,25–34,Female,Dedza,Source Village,4–7 years,Own land,"Maize, Fruits, Groundnuts",3–5 acres,71,Local market,712.78,840.7679976,Occasionally,Sometimes,,"Middlemen, High cost",Smartphone,Never,1,No,"Mobile Money, Cash",Mobile app,3,Pressure let kind degree list top somebody college.,Eye hit late near stay perhaps particularly.,Yes,No,,127.98799759999997,
5/20/2025 14:39,45–54,Female,Lilongwe,Great Village,8–15 years,Rented land,"Groundnuts, Maize, Fruits",More than 5 acres,11,Middlemen,526.88,657.0656851,Weekly,Sometimes,,Spoilage,No,Never,2,Maybe,"Cash, Mobile Money","Training, Cooperative transport, Aggregation centre",2,Exist professional people behavior.,Window hour some fund.,Yes,No,,130.1856851,
2/22/2025 3:49,45–54,Female,Mzimba,Blue Village,1–3 years,Family land,"Beans, Rice",3–5 acres,55,Home/Village,613.16,,Never,Sometimes,,"Middlemen, Bad roads",No,Rarely,5,Yes,Bank,Price information,4,Pull different current agency each.,Sense current meeting matter and case.,Yes,No,,,
9/21/2025 22:08,45–54,Male,Karonga,Best Village,Less than 1 year,Own land,Fruits,1–2 acres,76,Home/Village,666.5,,Once per season,Yes,12136.3,"Middlemen, Bad roads",Smartphone,Sometimes,1,Maybe,"Bank, Mobile Money",Mobile app,5,Particularly shoulder lay though offer responsibility himself.,Sound mind chance throw cause use.,Yes,No,,,
10/12/2025 15:48,45–54,Female,Ntcheu,Husband Village,More than 15 years,Family land,"Groundnuts, Vegetables, Beans",1–2 acres,46,Town market,514.12,745.2256682,Occasionally,Sometimes,,"High cost, Bad roads, Middlemen",No,Always,4,Yes,Mobile Money,"Aggregation centre, Training",5,During prevent accept seem show blood.,Class wrong school federal from stock.,Yes,No,,231.10566819999997,
5/9/2025 18:23,55+,Female,Nkhatabay,Bill Village,8–15 years,Own land,"Maize, Groundnuts, Beans",3–5 acres,68,Town market,448.77,,Monthly,Yes,13980.49,"Spoilage, Middlemen",No,Never,5,Maybe,Cash,Cooperative transport,3,Despite sound receive let newspaper true.,Majority none little admit former body indicate.,Yes,No,,,
7/6/2025 9:29,35–44,Male,Ntcheu,Her Village,Less than 1 year,Own land,Groundnuts,More than 5 acres,19,Middlemen,763.67,1000.129253,Occasionally,Sometimes,,Bad roads,Smartphone,Always,2,Yes,"Bank, Mobile Money","Price information, Training",4,Lead soon property write.,Someone rise read ago listen.,Yes,No,,236.459253,
6/29/2025 18:03,18–24,Female,Mzimba,Throw Village,More than 15 years,Own land,Vegetables,More than 5 acres,115,Home/Village,442.25,542.3397859,Monthly,Sometimes,,"High cost, No transport, Bad roads",No,Rarely,2,Yes,Mobile Money,Aggregation centre,1,Fish sense kind spring throughout interview trade knowledge.,Officer return on color pick people subject challenge.,Yes,No,,100.08978590000004,
6/22/2025 23:02,45–54,Male,Mzimba,Guy Village,Less than 1 year,Rented land,"Maize, Vegetables, Groundnuts",Less than 1 acre,33,Middlemen,473.36,740.3907034,Occasionally,Sometimes,,"High cost, Long distance",Smartphone,Sometimes,3,No,"Bank, Mobile Money","Training, Mobile app",5,Season listen else easy.,All way body affect finish.,Yes,No,,267.0307034,
5/20/2025 7:42,25–34,Female,Ntcheu,Pm Village,4–7 years,Rented land,"Maize, Fruits",More than 5 acres,37,Town market,843.24,,Weekly,Yes,4284.99,"Spoilage, No transport, Bad roads",Smartphone,Never,5,Yes,Mobile Money,Aggregation centre,3,She miss phone ever back.,Include data maybe particularly.,Yes,No,,,
10/28/2025 21:21,45–54,Female,Lilongwe,Everything Village,Less than 1 year,Family land,"Groundnuts, Beans",3–5 acres,98,Town market,150.17,378.9010101,Weekly,Yes,6590.42,"Bad roads, High cost, Long distance",Feature phone,Sometimes,3,No,Cash,"Training, Price information",4,Doctor from throw ball character.,Their save artist catch debate foot production.,Yes,No,,228.73101010000002,-6361.6889899
4/29/2025 15:12,25–34,Female,Blantyre,Surface Village,Less than 1 year,Own land,Beans,1–2 acres,107,Home/Village,279.83,,Weekly,No,,"No transport, Long distance",Feature phone,Rarely,1,No,Bank,"Mobile app, Price information",4,Really relationship ask imagine my indeed.,Heavy what least mouth national put test.,Yes,No,,,
7/9/2025 2:54,25–34,Male,Mzimba,Animal Village,Less than 1 year,Own land,"Maize, Fruits, Rice",Less than 1 acre,31,City market,418.77,609.4575716,Never,Sometimes,,"Bad roads, Middlemen",No,Rarely,5,No,Mobile Money,Cooperative transport,4,Strategy hope show watch affect.,Particular court east newspaper different.,Yes,No,,190.68757160000007,
8/3/2025 5:57,45–54,Male,Ntcheu,Show Village,8–15 years,Rented land,Vegetables,Less than 1 acre,40,Local market,802.81,,Monthly,No,,High cost,No,Always,1,Maybe,"Bank, Cash","Training, Price information",4,Herself accept goal send table well industry.,Side relate real major look.,Yes,No,,,
2/12/2025 6:23,55+,Female,Karonga,Machine Village,Less than 1 year,Own land,Beans,1–2 acres,33,Town market,199.02,366.903115,Weekly,No,,"No transport, Long distance, Middlemen",Smartphone,Never,3,Maybe,Cash,Aggregation centre,4,Son today major event magazine home protect.,Value somebody event business quality here woman.,Yes,No,,167.883115,
3/10/2025 6:17,25–34,Male,Ntcheu,Not Village,More than 15 years,Rented land,"Rice, Vegetables, Beans",More than 5 acres,42,Town market,156.64,342.4482014,Never,Yes,3133.82,"No transport, High cost",No,Always,5,Maybe,Mobile Money,"Mobile app, Cooperative transport, Price information",5,Right subject try wonder move trade.,West source fact explain research get.,Yes,No,,185.80820140000003,-2948.0117986
9/8/2025 16:58,25–34,Male,Dedza,Capital Village,4–7 years,Own land,"Vegetables, Fruits",1–2 acres,61,City market,186.88,,Monthly,Yes,14894.77,"Bad roads, High cost, Long distance",Smartphone,Rarely,3,Maybe,Cash,"Price information, Training",3,North agree poor career left anyone here deep.,Pretty section degree still even no.,Yes,No,,,
8/24/2025 14:10,45–54,Male,Blantyre,Win Village,4–7 years,Family land,"Beans, Vegetables",More than 5 acres,101,City market,211.98,301.7914346,Occasionally,No,,Bad roads,Smartphone,Sometimes,5,Yes,Bank,"Training, Cooperative transport",4,Front they everything week instead strong.,Case past only drug prove.,Yes,No,,89.81143460000001,
2/1/2025 20:03,25–34,Male,Nkhatabay,Human Village,Less than 1 year,Own land,"Fruits, Beans, Groundnuts",1–2 acres,105,Middlemen,176.32,,Never,Sometimes,,Middlemen,No,Always,3,Yes,Cash,Price information,2,Affect much yourself glass practice sit prepare.,Difficult do beyond form line race case.,Yes,No,,,
4/19/2025 23:31,25–34,Male,Lilongwe,Bar Village,8–15 years,Own land,"Fruits, Groundnuts",3–5 acres,31,Middlemen,485.85,586.7753123,Once per season,Yes,13978.01,Bad roads,Smartphone,Always,2,Maybe,"Mobile Money, Bank",Mobile app,2,Wear current after.,Within citizen present thing little practice sense.,Yes,No,,100.92531229999997,-13877.0846877
11/17/2025 23:00,45–54,Male,Mangochi,Old Village,8–15 years,Rented land,"Vegetables, Rice",More than 5 acres,59,Local market,556.53,,Never,Sometimes,,"Spoilage, No transport, Middlemen",Feature phone,Sometimes,3,Yes,"Bank, Mobile Money","Mobile app, Price information, Aggregation centre",3,Draw list boy way.,Fly position traditional become off.,Yes,No,,,
2/24/2025 8:54,45–54,Female,Nkhatabay,Finally Village,More than 15 years,Own land,Beans,3–5 acres,37,Local market,340.18,412.9711226,Never,Sometimes,,"Bad roads, Middlemen",No,Always,2,Yes,Mobile Money,Price information,1,Record short cold parent security boy standard.,School sure also TV individual study value.,Yes,No,,72.7911226,
7/29/2025 4:17,18–24,Female,Blantyre,Themselves Village,Less than 1 year,Own land,Maize,Less than 1 acre,72,Home/Village,428.8,,Monthly,No,,Bad roads,Feature phone,Sometimes,3,No,Mobile Money,Training,1,Blue agent find quality when.,Young however many.,Yes,No,,,
3/18/2025 6:52,55+,Male,Blantyre,Production Village,4–7 years,Rented land,"Maize, Vegetables",1–2 acres,90,Middlemen,214.19,302.6045095,Occasionally,No,,"Long distance, Bad roads, Middlemen",No,Never,5,No,"Bank, Mobile Money","Aggregation centre, Mobile app, Price information",1,Walk cup option store drug recent.,Theory across nothing blue work.,Yes,No,,88.41450950000001,
4/13/2025 5:31,55+,Female,Blantyre,Present Village,8–15 years,Family land,"Beans, Vegetables, Fruits",Less than 1 acre,70,Town market,385.46,548.8834087,Once per season,No,,"No transport, Long distance, High cost",Smartphone,Sometimes,5,No,"Bank, Cash","Cooperative transport, Price information",2,Sure outside building worker site.,Lawyer political modern threat care.,Yes,No,,163.42340870000004,
10/12/2025 21:07,25–34,Female,Nkhatabay,Value Village,Less than 1 year,Family land,Maize,Less than 1 acre,14,Middlemen,515.76,698.3485984,Weekly,No,,"Bad roads, Spoilage",No,Never,5,No,"Bank, Cash","Price information, Mobile app, Training",1,Mouth product attention positive actually information.,Life cover both class learn either control.,Yes,No,,182.58859840000002,
9/1/2025 8:30,55+,Female,Karonga,Training Village,8–15 years,Rented land,"Fruits, Maize, Beans",Less than 1 acre,9,Town market,662.59,717.0554731,Weekly,Yes,8559.4,"Spoilage, High cost, Middlemen",Feature phone,Sometimes,4,Yes,"Mobile Money, Bank","Training, Cooperative transport, Price information",5,Black whether player stock religious itself safe.,So nothing serious compare task today.,Yes,No,,54.46547309999994,-8504.9345269
1/30/2025 16:40,25–34,Female,Blantyre,High Village,8–15 years,Rented land,Maize,Less than 1 acre,78,City market,152.34,401.539457,Never,Yes,12788.47,"Spoilage, No transport, Bad roads",Smartphone,Rarely,1,Maybe,Cash,Price information,4,Pattern try simple let stay.,Middle beautiful protect continue cell food.,Yes,No,,249.19945700000002,-12539.270542999999
10/10/2025 12:05,18–24,Male,Ntcheu,Participant Village,4–7 years,Rented land,"Maize, Vegetables",1–2 acres,101,Middlemen,477.12,,Monthly,No,,Bad roads,No,Rarely,5,Yes,"Mobile Money, Cash","Mobile app, Training",2,Environmental system store beautiful think during let particular.,According himself land environment form.,Yes,No,,,
1/30/2025 6:46,45–54,Female,Nkhatabay,Dark Village,1–3 years,Rented land,Groundnuts,Less than 1 acre,42,City market,357.9,,Monthly,Yes,8293.41,"Bad roads, Spoilage, No transport",No,Never,2,Yes,Bank,Aggregation centre,3,From management foot maintain great election.,Reveal activity president realize artist brother fill if.,Yes,No,,,
1/8/2025 5:38,45–54,Female,Mangochi,Sea Village,More than 15 years,Rented land,"Rice, Beans, Vegetables",1–2 acres,17,Local market,746.98,,Weekly,No,,"No transport, Bad roads, Middlemen",No,Never,5,Yes,"Mobile Money, Cash","Training, Price information, Mobile app",3,They red everybody act way.,Type thousand show real police wait happen.,Yes,No,,,
7/16/2025 23:14,45–54,Male,Blantyre,Available Village,More than 15 years,Family land,"Vegetables, Fruits, Rice",1–2 acres,35,Local market,650.89,774.4319933,Once per season,Sometimes,,"Long distance, Middlemen",Feature phone,Rarely,4,No,"Bank, Cash",Cooperative transport,4,Drop image new drive.,Despite card check security paper.,Yes,No,,123.54199330000006,
9/3/2025 7:11,55+,Male,Ntcheu,Answer Village,4–7 years,Family land,Rice,3–5 acres,51,Home/Village,562.38,840.3390087,Occasionally,Sometimes,,"Bad roads, Long distance, Middlemen",Feature phone,Never,2,No,"Bank, Mobile Money",Aggregation centre,2,Position make society behavior develop reality fill.,Reduce tree serious soon stay seven.,Yes,No,,277.9590087,
1/13/2025 2:45,18–24,Female,Karonga,Recently Village,8–15 years,Rented land,"Beans, Maize",More than 5 acres,104,Middlemen,344.09,635.9678159,Once per season,Sometimes,,Spoilage,No,Sometimes,4,No,Cash,"Mobile app, Price information, Training",1,Hard network gas you nearly goal law fill.,Their bank land region back nor article natural.,Yes,No,,291.87781590000003,
11/12/2025 14:22,55+,Female,Dedza,Drive Village,Less than 1 year,Own land,Fruits,More than 5 acres,113,City market,787.24,883.6047187,Occasionally,No,,"Bad roads, Middlemen, No transport",Smartphone,Sometimes,2,Maybe,"Cash, Mobile Money","Aggregation centre, Training",1,Building court build movie several.,Dark Mr clearly take kind quite response.,Yes,No,,96.36471870000003,
8/14/2025 23:36,55+,Female,Karonga,Spring Village,8–15 years,Rented land,"Groundnuts, Rice",1–2 acres,92,Town market,181.57,347.0943227,Weekly,Sometimes,,"Middlemen, Long distance, Bad roads",Smartphone,Rarely,3,Yes,Bank,"Training, Mobile app",5,Course school everybody operation.,Before member speak law message lead around.,Yes,No,,165.52432270000003,
8/13/2025 19:44,18–24,Female,Mangochi,Figure Village,4–7 years,Own land,"Rice, Maize",3–5 acres,56,Local market,226.63,276.9379588,Occasionally,Yes,9730.2,Long distance,Feature phone,Always,1,Maybe,Cash,Price information,5,Others wonder strategy fast guess few remain.,Pull final against effort able design authority.,Yes,No,,50.307958799999994,-9679.8920412
6/7/2025 8:07,18–24,Female,Blantyre,Base Village,More than 15 years,Rented land,"Fruits, Maize, Vegetables",1–2 acres,60,Local market,424.14,623.7218163,Monthly,Sometimes,,"No transport, Spoilage, High cost",Smartphone,Sometimes,1,No,Bank,"Mobile app, Training, Price information",1,Ever window network recently.,General as yes various attorney value.,Yes,No,,199.5818163,
10/26/2025 17:27,18–24,Female,Mangochi,Top Village,8–15 years,Rented land,"Fruits, Groundnuts",1–2 acres,19,Town market,237.11,438.9366121,Never,Sometimes,,"High cost, No transport",Feature phone,Never,4,Maybe,"Mobile Money, Cash","Training, Price information, Mobile app",3,Point sell bill activity.,Expert conference career.,Yes,No,,201.82661209999998,
8/18/2025 3:32,18–24,Male,Nkhatabay,Early Village,More than 15 years,Family land,Beans,1–2 acres,33,City market,819.49,,Never,Sometimes,,"High cost, Long distance",No,Always,1,Yes,"Mobile Money, Bank","Mobile app, Price information, Cooperative transport",3,Light key continue anything wait.,Hear through large true help bag.,Yes,No,,,
3/24/2025 15:04,45–54,Female,Mzimba,Trial Village,Less than 1 year,Own land,Beans,3–5 acres,12,City market,708.59,,Weekly,Yes,2247.74,"Middlemen, Long distance",Feature phone,Always,4,Yes,"Mobile Money, Bank","Mobile app, Cooperative transport",5,Box assume man officer rather charge specific.,Card team budget year hotel camera without.,Yes,No,,,
1/15/2025 5:39,35–44,Female,Blantyre,Blood Village,More than 15 years,Own land,"Rice, Beans, Fruits",More than 5 acres,9,Middlemen,331.29,,Monthly,No,,Bad roads,Feature phone,Sometimes,4,No,Bank,"Training, Mobile app",4,Be easy newspaper indicate other.,Series without leg.,Yes,No,,,
8/3/2025 5:13,35–44,Male,Mzimba,Husband Village,More than 15 years,Family land,Groundnuts,3–5 acres,33,Middlemen,561.99,,Once per season,Yes,11573.79,"Spoilage, No transport",No,Sometimes,4,No,"Cash, Mobile Money","Cooperative transport, Price information, Aggregation centre",1,Difficult mission late kind team wrong figure perform.,Interest here discover leave choice country themselves.,Yes,No,,,
4/12/2025 5:07,18–24,Male,Ntcheu,Fall Village,1–3 years,Family land,"Beans, Maize",Less than 1 acre,51,Home/Village,837.63,949.5149889,Monthly,No,,"Bad roads, High cost, Spoilage",Smartphone,Always,1,Maybe,Bank,"Training, Aggregation centre, Mobile app",5,Whether between several personal enough ball dream necessary.,Allow produce past view.,Yes,No,,111.88498890000005,
7/31/2025 1:30,35–44,Male,Dedza,Long Village,1–3 years,Family land,"Vegetables, Maize",3–5 acres,72,Local market,768.94,958.5431681,Never,No,,"No transport, Bad roads, Spoilage",Feature phone,Always,4,No,"Mobile Money, Bank",Training,5,Able late order fact.,Drive attack order.,Yes,No,,189.60316809999995,
7/29/2025 14:09,35–44,Male,Lilongwe,Prove Village,1–3 years,Family land,Fruits,3–5 acres,80,Middlemen,570.56,,Never,Sometimes,,"Middlemen, Bad roads, High cost",Feature phone,Rarely,1,No,Mobile Money,"Aggregation centre, Price information",1,Explain executive teacher author do.,Our reflect any scientist I doctor describe.,Yes,No,,,
7/3/2025 8:19,18–24,Female,Mangochi,They Village,More than 15 years,Own land,"Maize, Fruits, Beans",3–5 acres,49,City market,782.61,888.9950356,Monthly,No,,"High cost, Long distance, Spoilage",No,Never,4,Yes,Bank,Aggregation centre,1,Skin person product value interesting.,Cell year doctor trouble.,Yes,No,,106.38503560000004,
9/11/2025 22:51,35–44,Female,Karonga,His Village,4–7 years,Own land,Rice,3–5 acres,6,Town market,842.43,932.6363673,Monthly,Yes,2787.99,Middlemen,Smartphone,Rarely,5,No,Mobile Money,Training,3,Different chance enter central arrive society organization.,Five our pull fly few century produce.,Yes,No,,90.20636730000001,-2697.7836326999995
10/29/2025 1:21,55+,Female,Dedza,Commercial Village,More than 15 years,Rented land,"Rice, Beans",More than 5 acres,31,City market,670.35,,Never,Yes,12564.95,Bad roads,Feature phone,Sometimes,4,No,"Bank, Mobile Money","Cooperative transport, Aggregation centre, Training",4,Tv keep light fight I evening music.,Including every news option same.,Yes,No,,,
2/27/2025 17:21,25–34,Female,Blantyre,Hospital Village,4–7 years,Rented land,"Maize, Beans",Less than 1 acre,99,Local market,195.49,408.3698667,Once per season,No,,Middlemen,No,Rarely,2,Yes,Bank,"Mobile app, Price information",4,Ball always it focus economy before.,Personal interview many win.,Yes,No,,212.87986669999998,
5/23/2025 1:40,25–34,Female,Mzimba,Hear Village,4–7 years,Family land,"Maize, Rice",More than 5 acres,119,City market,431.11,562.591366,Weekly,Sometimes,,"High cost, Bad roads, Long distance",Feature phone,Rarely,4,Yes,Mobile Money,Price information,1,Onto again share start office several compare.,Skill five indicate chance heavy senior.,Yes,No,,131.48136599999998,
6/2/2025 10:20,18–24,Female,Karonga,Determine Village,1–3 years,Family land,"Rice, Groundnuts",More than 5 acres,119,Home/Village,736.48,,Weekly,Sometimes,,"Spoilage, High cost, No transport",No,Rarely,3,Maybe,"Bank, Mobile Money","Aggregation centre, Price information, Mobile app",2,Prepare trouble consider one play man before.,Drive different tax certain leg arm include.,Yes,No,,,
3/28/2025 17:22,45–54,Male,Mzimba,Religious Village,8–15 years,Family land,"Fruits, Vegetables",3–5 acres,40,Local market,311.4,508.9659847,Monthly,Yes,11948.39,"High cost, Spoilage",Smartphone,Rarely,4,No,Bank,"Price information, Cooperative transport, Mobile app",5,Impact fly bit claim in many.,Newspaper care drug data position two.,Yes,No,,197.5659847,-11750.824015299999
10/27/2025 20:54,18–24,Female,Nkhatabay,Example Village,Less than 1 year,Rented land,"Fruits, Rice, Beans",1–2 acres,40,Town market,731.45,889.7616872,Weekly,Sometimes,,"Spoilage, Bad roads",Smartphone,Never,2,Yes,Bank,Training,5,Spend nearly lawyer fire follow wife.,Begin right couple environmental purpose owner.,Yes,No,,158.31168719999994,
8/17/2025 23:28,45–54,Male,Mzimba,Science Village,1–3 years,Rented land,Groundnuts,1–2 acres,30,Home/Village,234.24,,Never,No,,Long distance,Smartphone,Never,2,Maybe,"Bank, Mobile Money",Training,1,Ten stay ability thank left approach.,Could seven right next.,Yes,No,,,
10/12/2025 18:10,25–34,Male,Nkhatabay,Write Village,1–3 years,Rented land,Maize,More than 5 acres,47,Local market,182.86,,Never,No,,"Bad roads, No transport, Long distance",Smartphone,Always,1,Maybe,Mobile Money,"Price information, Training",2,Gun series personal service data near until.,Decade trade field training deep couple scientist.,Yes,No,,,
4/24/2025 0:18,18–24,Female,Ntcheu,Result Village,8–15 years,Rented land,"Fruits, Vegetables, Maize",More than 5 acres,31,Town market,418.86,714.9478519,Monthly,Yes,10922.43,Long distance,Feature phone,Sometimes,5,No,"Cash, Bank","Aggregation centre, Price information",3,Thing machine ahead picture son report.,Trial receive region however dream focus executive.,Yes,No,,296.08785190000003,-10626.3421481
2/21/2025 23:51,55+,Male,Karonga,Raise Village,Less than 1 year,Rented land,"Groundnuts, Maize, Vegetables",3–5 acres,73,Home/Village,175.71,263.1051607,Monthly,No,,No transport,Feature phone,Rarely,4,No,"Mobile Money, Cash","Mobile app, Training, Price information",1,Nearly need behavior yeah tree.,Move grow end mention market better wonder.,Yes,No,,87.39516069999999,
6/30/2025 11:19,35–44,Female,Karonga,Away Village,More than 15 years,Rented land,"Rice, Vegetables, Beans",More than 5 acres,24,Home/Village,820.09,986.2396492,Monthly,Yes,1506.25,"No transport, Long distance",Smartphone,Always,1,Maybe,Cash,"Mobile app, Price information, Cooperative transport",1,Water positive child usually factor relate indeed.,Seven floor data fine animal ten scientist.,Yes,No,,166.1496492,-1340.1003508
7/14/2025 14:48,45–54,Male,Lilongwe,Politics Village,More than 15 years,Rented land,Vegetables,3–5 acres,15,Local market,728.34,948.4541566,Once per season,No,,"No transport, Long distance",Smartphone,Always,5,Yes,Cash,Mobile app,5,Woman during necessary himself two meet these.,End various often.,Yes,No,,220.1141566,
7/18/2025 5:23,35–44,Female,Blantyre,Prove Village,1–3 years,Family land,Beans,1–2 acres,78,Middlemen,710.54,859.426271,Weekly,Yes,5243.8,Bad roads,Smartphone,Always,4,Maybe,"Cash, Bank","Mobile app, Aggregation centre, Price information",1,Everybody so increase various.,Far cultural discover now early nearly.,Yes,No,,148.88627100000008,-5094.913729
2/5/2025 4:01,35–44,Male,Nkhatabay,Congress Village,Less than 1 year,Family land,Vegetables,1–2 acres,108,Home/Village,590.84,,Monthly,Sometimes,,"Spoilage, Bad roads, Middlemen",Feature phone,Never,3,No,"Bank, Cash","Aggregation centre, Price information",1,Environment able rise study oil process tend.,Either start whom politics make collection.,Yes,No,,,
6/4/2025 2:18,18–24,Female,Lilongwe,None Village,1–3 years,Family land,Fruits,Less than 1 acre,42,Home/Village,301.43,595.104963,Occasionally,No,,"High cost, Bad roads, Spoilage",Smartphone,Rarely,4,Yes,"Cash, Bank","Price information, Mobile app",1,Mrs generation necessary myself lay focus country.,College result major true my politics.,Yes,No,,293.674963,
5/22/2025 7:28,35–44,Female,Mzimba,Shoulder Village,4–7 years,Family land,Rice,1–2 acres,10,Town market,512.78,743.251907,Occasionally,No,,"No transport, Long distance, High cost",Smartphone,Rarely,2,Yes,Bank,"Mobile app, Training, Cooperative transport",5,Occur do simply analysis seat.,Model stuff avoid stand.,Yes,No,,230.471907,
7/15/2025 0:32,55+,Female,Mzimba,Election Village,1–3 years,Rented land,Vegetables,More than 5 acres,76,City market,568.09,,Never,Yes,4683.58,"Spoilage, No transport",Smartphone,Sometimes,2,Maybe,Bank,"Training, Price information, Aggregation centre",3,History professional star wonder manager already.,Share include successful.,Yes,No,,,
1/5/2025 2:43,35–44,Female,Lilongwe,Common Village,1–3 years,Own land,Vegetables,1–2 acres,27,Local market,517.52,731.7659644,Weekly,Yes,6041.91,"Middlemen, Bad roads",No,Rarely,3,No,"Cash, Mobile Money","Aggregation centre, Mobile app",3,Whole forward beyond suddenly between treat address.,Attack character despite lay art.,Yes,No,,214.24596440000005,-5827.6640356
9/15/2025 8:36,18–24,Female,Karonga,Maintain Village,More than 15 years,Rented land,"Maize, Vegetables, Fruits",3–5 acres,51,Local market,332.16,571.4248169,Monthly,No,,"Spoilage, Bad roads, Middlemen",Smartphone,Rarely,1,Maybe,"Bank, Cash",Mobile app,1,Improve pressure child light.,Tree process administration mother in admit reveal movie.,Yes,No,,239.26481689999997,
4/3/2025 18:31,55+,Male,Mzimba,Hundred Village,More than 15 years,Own land,"Fruits, Vegetables",1–2 acres,94,Middlemen,510.67,798.8321595,Occasionally,Yes,2227.0,Bad roads,No,Always,5,Maybe,"Bank, Mobile Money","Cooperative transport, Mobile app, Aggregation centre",5,Full realize power system system.,Admit spend purpose south travel.,Yes,No,,288.1621595,-1938.8378405
11/10/2025 5:29,25–34,Male,Mangochi,Expect Village,More than 15 years,Family land,"Vegetables, Groundnuts, Fruits",Less than 1 acre,50,Middlemen,493.83,,Weekly,No,,"High cost, Long distance",No,Sometimes,4,Maybe,"Cash, Bank","Mobile app, Price information, Cooperative transport",3,Here first responsibility service their along attention.,Truth modern drive people.,Yes,No,,,
8/27/2025 11:13,35–44,Male,Ntcheu,Wish Village,4–7 years,Rented land,Fruits,1–2 acres,111,Local market,847.44,1124.394663,Never,Sometimes,,"No transport, Spoilage",Smartphone,Rarely,2,Yes,"Mobile Money, Cash",Training,3,Range explain dinner bed within set region beyond.,Spring environment however health image.,Yes,No,,276.954663,
9/23/2025 16:50,18–24,Female,Ntcheu,Push Village,More than 15 years,Family land,"Groundnuts, Beans, Fruits",3–5 acres,16,Middlemen,778.21,1009.281327,Once per season,Yes,14117.41,"Spoilage, Middlemen, High cost",No,Never,1,Yes,"Bank, Mobile Money","Training, Mobile app",3,Really tough animal someone.,During recently feel stock ball yard practice.,Yes,No,,231.071327,-13886.338673
3/6/2025 9:46,25–34,Male,Mangochi,Rise Village,Less than 1 year,Rented land,"Beans, Groundnuts",3–5 acres,94,Town market,474.37,711.6604098,Weekly,No,,"Bad roads, Spoilage, High cost",Smartphone,Rarely,3,No,"Mobile Money, Bank",Cooperative transport,5,Grow issue each include radio.,Behavior here need.,Yes,No,,237.29040980000002,
10/22/2025 1:40,25–34,Female,Lilongwe,Onto Village,8–15 years,Family land,"Groundnuts, Maize",More than 5 acres,17,Local market,586.06,672.5405185,Weekly,Sometimes,,"Middlemen, High cost, Bad roads",Feature phone,Always,2,No,"Cash, Bank","Training, Aggregation centre, Cooperative transport",5,Color bad that people.,Pm reflect bar suddenly.,Yes,No,,86.48051850000002,
7/19/2025 16:06,45–54,Female,Mangochi,Discuss Village,Less than 1 year,Own land,Rice,1–2 acres,108,Middlemen,673.51,749.2081011,Once per season,Sometimes,,"Long distance, No transport",Feature phone,Never,3,Maybe,Mobile Money,Training,1,Marriage on discussion point least.,Not teach believe month amount deep.,Yes,No,,75.69810110000003,
2/24/2025 12:20,55+,Male,Nkhatabay,Reveal Village,Less than 1 year,Own land,"Vegetables, Maize, Fruits",3–5 acres,66,Local market,174.41,367.1361255,Weekly,No,,"Long distance, Middlemen",Feature phone,Always,4,Maybe,Bank,Aggregation centre,4,Together let explain.,Little another avoid understand tonight nor allow.,Yes,No,,192.7261255,
6/23/2025 7:04,35–44,Male,Nkhatabay,Garden Village,More than 15 years,Own land,"Beans, Vegetables, Groundnuts",Less than 1 acre,86,City market,776.45,831.0419092,Never,Yes,8753.23,"Spoilage, Long distance, High cost",Feature phone,Rarely,5,Maybe,"Mobile Money, Cash",Cooperative transport,3,Citizen kid generation onto police interesting economic.,Administration debate certain star start up.,Yes,No,,54.59190919999992,-8698.6380908
3/3/2025 20:03,18–24,Female,Lilongwe,Threat Village,8–15 years,Rented land,Groundnuts,More than 5 acres,93,Home/Village,752.09,922.6790954,Never,No,,"Middlemen, High cost, Spoilage",No,Never,2,No,Mobile Money,"Mobile app, Price information",4,Current his low down occur.,Class drive strong home to.,Yes,No,,170.58909540000002,
3/11/2025 13:45,45–54,Male,Mangochi,Special Village,8–15 years,Own land,Beans,Less than 1 acre,101,Local market,470.2,572.787395,Once per season,Sometimes,,"High cost, No transport",Smartphone,Sometimes,2,Yes,Cash,Aggregation centre,5,Fast recognize against stop how account ten.,Himself science so ready bad seat.,Yes,No,,102.58739499999996,
8/8/2025 22:49,55+,Female,Nkhatabay,Stand Village,8–15 years,Rented land,"Groundnuts, Beans",1–2 acres,115,Home/Village,423.82,,Monthly,No,,"Middlemen, Long distance",Smartphone,Sometimes,4,Yes,"Mobile Money, Cash",Training,5,Treat seat strategy.,Approach join stuff future shoulder western.,Yes,No,,,
8/8/2025 17:45,45–54,Female,Karonga,Arrive Village,4–7 years,Own land,"Vegetables, Groundnuts",1–2 acres,108,Middlemen,341.07,477.5741419,Occasionally,Yes,5277.34,Spoilage,Smartphone,Never,1,Maybe,"Cash, Bank",Price information,5,Simply discover soon despite couple.,Why for plant situation late direction.,Yes,No,,136.50414189999998,-5140.8358581
9/14/2025 2:10,55+,Female,Mangochi,Drop Village,More than 15 years,Own land,"Fruits, Vegetables, Maize",1–2 acres,64,Home/Village,483.67,727.6211839,Monthly,Sometimes,,"Middlemen, Bad roads",Feature phone,Never,5,Maybe,"Mobile Money, Cash","Price information, Training, Mobile app",4,Question return process stuff pick.,Wait it quickly produce beat peace something.,Yes,No,,243.9511839,
2/26/2025 18:40,55+,Female,Karonga,Term Village,8–15 years,Rented land,"Vegetables, Groundnuts, Maize",More than 5 acres,47,Local market,181.06,466.3693761,Weekly,No,,Long distance,Feature phone,Always,2,Maybe,"Cash, Mobile Money",Mobile app,5,Position final kid often run bed far section.,Bank child Republican plant.,Yes,No,,285.3093761,
10/13/2025 19:16,35–44,Female,Nkhatabay,Almost Village,4–7 years,Rented land,Groundnuts,3–5 acres,80,City market,746.54,814.644068,Occasionally,Yes,6557.74,No transport,Smartphone,Never,5,Maybe,"Cash, Mobile Money","Mobile app, Cooperative transport",1,Customer skill theory hand.,First blood accept final growth especially.,Yes,No,,68.10406799999998,-6489.635932
10/12/2025 6:46,55+,Male,Ntcheu,Support Village,1–3 years,Own land,Maize,More than 5 acres,112,Middlemen,174.8,358.3605515,Once per season,Sometimes,,"No transport, Middlemen",Feature phone,Always,2,No,Mobile Money,Training,5,Tree store either station loss southern second.,Beautiful issue news mention.,Yes,No,,183.56055149999997,
7/7/2025 18:34,45–54,Male,Nkhatabay,Four Village,1–3 years,Rented land,"Vegetables, Beans, Groundnuts",Less than 1 acre,104,Local market,380.34,650.9733715,Once per season,Yes,7260.84,"Long distance, Spoilage",Smartphone,Rarely,5,Yes,Cash,Training,2,Sound life away senior difficult put.,Ago government behavior our.,Yes,No,,270.6333715,-6990.2066285
5/20/2025 8:13,55+,Female,Karonga,Institution Village,4–7 years,Own land,"Vegetables, Beans",More than 5 acres,116,Middlemen,802.11,872.7371336,Occasionally,Sometimes,,"Spoilage, Middlemen",Smartphone,Always,3,Maybe,"Cash, Mobile Money","Cooperative transport, Aggregation centre, Price information",4,Whose source hand so add Mr.,Tell activity including single right nice.,Yes,No,,70.62713359999998,
1/16/2025 16:44,35–44,Female,Dedza,Executive Village,4–7 years,Rented land,"Groundnuts, Beans, Fruits",Less than 1 acre,72,Town market,664.65,,Never,No,,Bad roads,Smartphone,Never,2,No,Cash,Cooperative transport,2,Happy see energy herself police he push.,Occur college herself catch feeling.,Yes,No,,,
3/26/2025 23:32,35–44,Male,Blantyre,Attorney Village,More than 15 years,Family land,"Rice, Groundnuts, Maize",More than 5 acres,9,Home/Village,346.97,603.0985117,Occasionally,Yes,9408.32,Long distance,Smartphone,Never,5,Maybe,Mobile Money,"Price information, Aggregation centre",5,Agent this no trip determine as statement.,Certainly cold every feel site guess want.,Yes,No,,256.1285117,-9152.191488299999
10/23/2025 17:26,45–54,Male,Mzimba,Development Village,More than 15 years,Family land,Fruits,3–5 acres,41,Town market,326.85,466.3003377,Weekly,Sometimes,,Middlemen,Smartphone,Rarely,1,Maybe,"Bank, Cash","Mobile app, Cooperative transport, Price information",1,Power bring animal also you.,Many pattern leader career according how success here.,Yes,No,,139.45033769999998,
7/9/2025 9:09,25–34,Female,Mangochi,White Village,1–3 years,Family land,"Groundnuts, Maize",Less than 1 acre,76,Local market,153.56,284.0836756,Never,Yes,8219.51,"Middlemen, Bad roads, Spoilage",Smartphone,Never,3,Yes,"Mobile Money, Cash","Training, Cooperative transport",3,Best thought career law.,Key issue statement prepare organization feel.,Yes,No,,130.5236756,-8088.9863244
4/1/2025 0:03,25–34,Male,Dedza,Yes Village,8–15 years,Family land,Groundnuts,1–2 acres,110,City market,637.0,931.3665966,Once per season,Yes,13871.49,Bad roads,Smartphone,Never,3,Maybe,Cash,"Mobile app, Price information",5,Industry score choice increase between majority impact.,Water cut fire who why fact reason make.,Yes,No,,294.3665966,-13577.123403399999
1/25/2025 9:54,55+,Female,Nkhatabay,Our Village,1–3 years,Family land,Fruits,1–2 acres,117,Middlemen,184.15,284.3647725,Occasionally,No,,Spoilage,Feature phone,Sometimes,1,Yes,"Cash, Bank","Training, Price information, Cooperative transport",1,Allow have kitchen wear talk.,Site for exactly skill half usually customer.,Yes,No,,100.21477250000001,
4/13/2025 15:59,18–24,Male,Ntcheu,Under Village,8–15 years,Own land,"Beans, Rice",More than 5 acres,96,Home/Village,522.82,,Monthly,Yes,7957.49,"High cost, Bad roads, Spoilage",Smartphone,Sometimes,5,Yes,"Cash, Mobile Money","Price information, Mobile app, Cooperative transport",4,Wonder happen top population.,Conference should agree road wall decide something.,Yes,No,,,
5/24/2025 11:23,55+,Female,Lilongwe,Serious Village,8–15 years,Family land,"Fruits, Rice, Maize",1–2 acres,35,Middlemen,823.49,1046.788485,Monthly,Sometimes,,"Middlemen, Spoilage, Bad roads",Smartphone,Rarely,4,Yes,Mobile Money,Mobile app,2,Huge couple business summer.,Standard somebody important material.,Yes,No,,223.29848500000003,
4/1/2025 21:12,45–54,Male,Nkhatabay,Forward Village,More than 15 years,Family land,Maize,Less than 1 acre,13,Local market,226.63,481.990182,Weekly,Sometimes,,"Spoilage, High cost, Long distance",Feature phone,Always,1,No,Cash,Price information,2,Begin deep police wife anything four writer.,Drug probably resource smile available.,Yes,No,,255.360182,
1/17/2025 15:00,45–54,Female,Ntcheu,Difference Village,Less than 1 year,Family land,"Beans, Vegetables, Maize",1–2 acres,55,Middlemen,776.14,,Monthly,Sometimes,,"High cost, No transport",Feature phone,Sometimes,5,No,Mobile Money,"Mobile app, Aggregation centre, Cooperative transport",2,Day stop never only spend do similar.,Look husband media turn reality myself so growth.,Yes,No,,,
9/17/2025 15:40,45–54,Male,Blantyre,Reality Village,Less than 1 year,Family land,"Vegetables, Fruits",3–5 acres,33,Home/Village,844.03,904.3258738,Occasionally,Sometimes,,"Spoilage, No transport, Long distance",Feature phone,Always,1,Yes,"Cash, Bank","Mobile app, Training, Price information",4,Able teach certain candidate economy company produce ago.,Order trial body eat professor coach partner.,Yes,No,,60.29587379999998,
3/22/2025 7:16,45–54,Male,Nkhatabay,Money Village,4–7 years,Rented land,Rice,3–5 acres,82,Local market,193.06,,Occasionally,No,,"High cost, Bad roads, Spoilage",Smartphone,Never,1,Maybe,"Bank, Cash","Aggregation centre, Training, Mobile app",1,Group small open.,Worker quality hundred sell whole involve action.,Yes,No,,,
7/21/2025 3:02,45–54,Female,Karonga,Individual Village,More than 15 years,Own land,Maize,More than 5 acres,44,Middlemen,768.03,985.6263646,Monthly,Yes,14890.21,"Bad roads, High cost, Long distance",No,Sometimes,2,Yes,Bank,"Price information, Training, Mobile app",4,Company appear score.,Develop section newspaper reach determine.,Yes,No,,217.59636460000002,-14672.6136354
11/4/2025 8:56,35–44,Male,Lilongwe,Usually Village,8–15 years,Family land,"Groundnuts, Maize",Less than 1 acre,45,City market,511.26,799.1474936,Occasionally,No,,High cost,No,Rarely,5,Maybe,Mobile Money,"Cooperative transport, Price information",2,Box as large gun order later develop.,Hospital sign open matter general agency.,Yes,No,,287.88749359999997,
5/21/2025 7:06,25–34,Female,Ntcheu,Who Village,Less than 1 year,Family land,"Beans, Fruits",3–5 acres,90,Local market,784.56,865.6149917,Weekly,Yes,12919.95,"Bad roads, High cost",Feature phone,Rarely,4,Yes,"Cash, Mobile Money","Cooperative transport, Aggregation centre, Training",5,Analysis situation term miss leader who article look.,Far turn beat story.,Yes,No,,81.05499170000007,-12838.8950083
5/31/2025 17:17,45–54,Male,Ntcheu,Question Village,8–15 years,Family land,"Maize, Groundnuts, Rice",3–5 acres,15,Local market,549.92,,Never,Yes,3919.15,Long distance,No,Rarely,2,Maybe,Bank,"Mobile app, Aggregation centre",3,International blue Republican kitchen tonight focus.,Give gas six miss.,Yes,No,,,
7/2/2025 9:40,18–24,Female,Ntcheu,Low Village,Less than 1 year,Own land,"Fruits, Beans, Vegetables",Less than 1 acre,27,City market,613.48,887.5353257,Weekly,Yes,14028.33,"Long distance, Bad roads, No transport",Feature phone,Sometimes,1,No,"Cash, Bank",Mobile app,4,Assume every plan nature.,Live just recent five feel special.,Yes,No,,274.0553257,-13754.2746743
6/26/2025 13:35,18–24,Male,Blantyre,Character Village,Less than 1 year,Rented land,Beans,1–2 acres,5,Town market,530.65,,Weekly,No,,"Middlemen, No transport",Smartphone,Always,1,Maybe,"Cash, Bank","Aggregation centre, Price information",4,Herself our far measure involve soldier.,Against gas body son.,Yes,No,,,
1/19/2025 0:49,18–24,Female,Nkhatabay,Evidence Village,Less than 1 year,Own land,"Maize, Beans",1–2 acres,50,Home/Village,755.15,,Occasionally,Yes,2629.13,"No transport, Long distance",No,Never,1,Yes,"Mobile Money, Cash","Mobile app, Training",1,Table prepare shoulder result.,Might necessary former interview left.,Yes,No,,,
1/16/2025 11:56,18–24,Male,Blantyre,Chair Village,More than 15 years,Rented land,"Groundnuts, Rice, Beans",More than 5 acres,105,Town market,663.74,862.4341593,Never,No,,"Middlemen, High cost",Smartphone,Always,5,No,"Mobile Money, Bank","Training, Cooperative transport, Aggregation centre",1,Involve thousand including still human.,Picture control price how scene third.,Yes,No,,198.69415930000002,
9/9/2025 20:41,35–44,Female,Mangochi,Employee Village,1–3 years,Family land,"Beans, Maize",1–2 acres,25,Middlemen,514.88,719.0311455,Occasionally,Sometimes,,"No transport, Bad roads",No,Always,5,Maybe,Mobile Money,"Mobile app, Aggregation centre, Cooperative transport",4,Fine fine effort well.,Or home relate day sell speak artist.,Yes,No,,204.15114549999998,
5/6/2025 20:33,18–24,Male,Mzimba,Size Village,8–15 years,Family land,"Maize, Rice",Less than 1 acre,94,City market,757.71,960.9460437,Once per season,Sometimes,,"High cost, Spoilage",Smartphone,Never,2,Maybe,Mobile Money,"Cooperative transport, Price information, Aggregation centre",2,Attack story behavior benefit school speech news.,Son Mr hand culture.,Yes,No,,203.23604369999998,
2/10/2025 2:07,45–54,Female,Mzimba,Option Village,More than 15 years,Own land,Beans,3–5 acres,114,Town market,321.7,446.4089716,Occasionally,Yes,12444.3,Bad roads,No,Never,4,Maybe,Bank,Price information,3,What no prove improve them wait institution trouble.,Energy television month police.,Yes,No,,124.70897159999998,-12319.5910284
10/1/2025 7:17,55+,Female,Mangochi,Nothing Village,More than 15 years,Own land,"Groundnuts, Fruits",1–2 acres,40,Local market,260.14,,Occasionally,No,,"Long distance, Spoilage",Smartphone,Sometimes,2,Maybe,Bank,"Training, Mobile app, Price information",1,Why outside goal.,Home hotel box goal leader common purpose song.,Yes,No,,,
7/22/2025 11:32,18–24,Female,Nkhatabay,Everyone Village,More than 15 years,Rented land,Beans,More than 5 acres,58,Middlemen,262.28,,Occasionally,Sometimes,,Middlemen,Smartphone,Sometimes,3,Maybe,"Cash, Bank",Mobile app,2,Medical choice lot suggest glass news boy.,Opportunity public finish draw bring health center home.,Yes,No,,,
9/4/2025 1:16,35–44,Male,Karonga,Skin Village,More than 15 years,Rented land,Fruits,1–2 acres,91,Middlemen,383.81,667.6104538,Never,No,,"No transport, Spoilage",No,Sometimes,1,No,"Bank, Mobile Money","Training, Aggregation centre",5,Off southern suddenly window stand.,Case himself control player really population yourself never.,Yes,No,,283.80045379999996,
11/19/2025 4:52,35–44,Female,Blantyre,Pattern Village,More than 15 years,Own land,Rice,Less than 1 acre,61,Town market,317.08,,Occasionally,No,,Bad roads,Smartphone,Sometimes,1,No,Bank,Aggregation centre,1,Push news participant price really ahead event several.,Eye cost success people tend weight machine.,Yes,No,,,
4/17/2025 5:09,18–24,Male,Lilongwe,Later Village,4–7 years,Rented land,"Groundnuts, Maize",More than 5 acres,5,Town market,801.06,1087.897616,Never,Yes,6328.73,"Long distance, High cost",Smartphone,Sometimes,1,No,"Bank, Mobile Money","Aggregation centre, Price information",2,Go consider century price attorney scientist.,Spring white measure manager range.,Yes,No,,286.837616,-6041.892384
11/21/2025 5:34,55+,Female,Ntcheu,Water Village,8–15 years,Own land,"Groundnuts, Vegetables",1–2 acres,67,City market,224.08,430.4061651,Monthly,Sometimes,,"High cost, Long distance",Smartphone,Never,2,No,Cash,"Training, Mobile app, Aggregation centre",2,Begin most heavy.,Report kitchen cold not somebody determine.,Yes,No,,206.3261651,
10/16/2025 3:05,18–24,Male,Ntcheu,Past Village,More than 15 years,Rented land,"Fruits, Vegetables",More than 5 acres,58,Home/Village,639.29,885.1456815,Once per season,Yes,13291.64,"Middlemen, No transport, High cost",No,Always,2,Yes,Bank,"Training, Price information, Mobile app",3,Game have return since nothing be apply.,Ever Mrs collection.,Yes,No,,245.85568150000006,-13045.7843185
4/13/2025 6:17,35–44,Female,Nkhatabay,Inside Village,8–15 years,Own land,"Maize, Fruits",Less than 1 acre,59,Town market,282.46,485.5244965,Never,Yes,13152.79,Spoilage,No,Sometimes,1,No,"Cash, Mobile Money","Aggregation centre, Training, Mobile app",3,Senior anyone bank kitchen.,Not significant manager member of environmental myself.,Yes,No,,203.06449650000002,-12949.725503500002
8/13/2025 17:14,25–34,Male,Karonga,High Village,4–7 years,Own land,"Beans, Vegetables",3–5 acres,119,Town market,767.15,938.2496119,Monthly,Sometimes,,Long distance,Smartphone,Sometimes,2,Maybe,Cash,"Cooperative transport, Price information, Mobile app",5,Magazine kind event sense box involve.,My series service kid despite interesting.,Yes,No,,171.0996119,
7/31/2025 9:42,45–54,Male,Mzimba,Discuss Village,4–7 years,Own land,"Maize, Fruits",Less than 1 acre,44,Local market,822.92,1038.12503,Never,Sometimes,,"Long distance, High cost, Middlemen",Smartphone,Always,5,Maybe,Cash,"Mobile app, Cooperative transport, Training",2,Question or money final determine.,Fear yourself last give stage.,Yes,No,,215.20502999999997,
8/10/2025 10:16,35–44,Female,Mzimba,Certainly Village,8–15 years,Rented land,"Rice, Groundnuts, Vegetables",Less than 1 acre,19,Middlemen,475.83,664.0803631,Never,No,,"Long distance, Middlemen, Spoilage",No,Sometimes,5,No,"Mobile Money, Bank",Cooperative transport,2,Area daughter war should share face build market.,Tend bring speech decide scene ready.,Yes,No,,188.25036310000002,
3/9/2025 12:23,18–24,Male,Ntcheu,Mr Village,Less than 1 year,Rented land,"Vegetables, Fruits",Less than 1 acre,25,Home/Village,765.35,,Once per season,Sometimes,,No transport,No,Always,2,Maybe,"Mobile Money, Cash","Training, Aggregation centre, Mobile app",3,Compare herself region matter street south.,Plan coach cause deal deal arrive go exactly.,Yes,No,,,
5/27/2025 6:43,45–54,Male,Nkhatabay,Minute Village,1–3 years,Rented land,Rice,Less than 1 acre,51,Local market,153.6,,Weekly,No,,Spoilage,Smartphone,Always,1,No,Mobile Money,"Aggregation centre, Training, Price information",1,However score job least.,Collection without fall of weight method too.,Yes,No,,,
9/11/2025 20:41,18–24,Female,Blantyre,Benefit Village,Less than 1 year,Own land,"Beans, Groundnuts, Maize",3–5 acres,77,City market,723.96,923.3289657,Weekly,No,,Long distance,Smartphone,Never,2,Maybe,"Cash, Mobile Money","Price information, Cooperative transport, Mobile app",1,Television office of remember.,Career seek in arrive.,Yes,No,,199.3689657,
5/28/2025 0:02,18–24,Male,Mzimba,Someone Village,Less than 1 year,Rented land,"Rice, Maize, Beans",3–5 acres,57,City market,310.04,555.9981384,Never,No,,"Spoilage, Long distance, High cost",Smartphone,Rarely,2,Yes,"Cash, Mobile Money",Training,4,Face if whom commercial way least.,Term camera tend economic represent.,Yes,No,,245.9581384,
5/22/2025 20:48,25–34,Male,Blantyre,Anyone Village,Less than 1 year,Rented land,"Rice, Maize",More than 5 acres,13,Town market,786.09,956.3159579,Occasionally,Sometimes,,"High cost, Long distance, Middlemen",Feature phone,Never,2,Yes,"Mobile Money, Bank","Cooperative transport, Price information",3,Because such during open model how.,Seven put majority officer environmental.,Yes,No,,170.2259578999999,
8/17/2025 5:33,45–54,Male,Karonga,Traditional Village,More than 15 years,Own land,"Groundnuts, Vegetables, Fruits",1–2 acres,78,Town market,150.78,210.9685265,Monthly,Yes,12282.96,"Long distance, No transport",No,Rarely,3,No,"Mobile Money, Cash",Price information,4,Second develop single baby plan.,Heart away some shoulder idea seek.,Yes,No,,60.188526499999995,-12222.771473499999
9/11/2025 17:32,45–54,Female,Mzimba,Break Village,4–7 years,Family land,"Maize, Groundnuts, Vegetables",3–5 acres,56,City market,539.33,630.3298702,Occasionally,No,,"High cost, Long distance",Feature phone,Rarely,5,No,"Bank, Mobile Money",Training,3,Member town glass road standard spring door.,Lawyer maintain old than suggest behavior.,Yes,No,,90.99987019999992,
11/21/2025 11:08,25–34,Male,Mzimba,Claim Village,Less than 1 year,Own land,"Rice, Groundnuts, Fruits",3–5 acres,61,Town market,679.65,839.3018041,Occasionally,Yes,12060.43,"High cost, Long distance",No,Rarely,4,No,"Bank, Mobile Money","Price information, Cooperative transport",5,Eight community check service.,Play recently sure somebody huge why station.,Yes,No,,159.65180410000005,-11900.7781959
1/31/2025 5:29,35–44,Female,Dedza,Product Village,4–7 years,Rented land,"Groundnuts, Vegetables, Beans",1–2 acres,30,Home/Village,331.08,562.28664,Never,Yes,5265.51,"Bad roads, No transport, High cost",No,Sometimes,4,Maybe,Bank,"Price information, Mobile app, Training",2,Concern significant management senior.,Environmental stock front official not magazine gas.,Yes,No,,231.20664000000005,-5034.30336
7/20/2025 15:38,18–24,Male,Mzimba,Collection Village,8–15 years,Own land,Rice,3–5 acres,45,Town market,285.19,483.5096621,Never,Sometimes,,"High cost, Bad roads, No transport",No,Never,3,No,"Cash, Mobile Money",Price information,5,Large under north play person ten physical character.,Animal phone student.,Yes,No,,198.31966210000002,
4/8/2025 16:57,55+,Male,Mangochi,Structure Village,1–3 years,Family land,"Rice, Beans, Groundnuts",Less than 1 acre,39,Middlemen,208.87,421.4435465,Never,Yes,2132.87,"No transport, Middlemen",No,Rarely,2,Yes,Bank,"Cooperative transport, Aggregation centre",3,Light place someone option.,Buy tax kid.,Yes,No,,212.57354650000002,-1920.2964534999999
5/27/2025 3:38,18–24,Male,Lilongwe,Response Village,8–15 years,Own land,"Vegetables, Maize",Less than 1 acre,67,Town market,378.5,,Never,Yes,6641.72,Bad roads,No,Always,3,Maybe,"Mobile Money, Cash","Cooperative transport, Training, Aggregation centre",2,Medical financial later arm story baby.,Yeah into yet.,Yes,No,,,
3/28/2025 13:34,18–24,Female,Mangochi,Knowledge Village,8–15 years,Rented land,"Groundnuts, Beans",1–2 acres,29,Local market,541.89,,Weekly,Sometimes,,"Long distance, No transport, High cost",No,Sometimes,3,No,Mobile Money,"Cooperative transport, Training",1,Past medical leg never.,Think few themselves theory.,Yes,No,,,
7/20/2025 12:56,35–44,Male,Nkhatabay,Pick Village,More than 15 years,Family land,"Vegetables, Fruits",More than 5 acres,94,Home/Village,231.09,,Never,No,,"Middlemen, No transport, Spoilage",No,Never,1,Maybe,"Mobile Money, Bank",Price information,1,Last special prepare.,Pressure economy head tough.,Yes,No,,,
6/7/2025 14:43,18–24,Male,Nkhatabay,Attack Village,1–3 years,Rented land,"Groundnuts, Rice, Vegetables",More than 5 acres,79,Local market,413.69,,Weekly,Yes,3429.34,"Middlemen, High cost",Feature phone,Rarely,5,Maybe,"Cash, Mobile Money",Mobile app,4,Painting may whatever late specific study.,Appear personal rise sense.,Yes,No,,,
5/18/2025 1:14,25–34,Female,Blantyre,Image Village,8–15 years,Family land,"Fruits, Beans",1–2 acres,42,Local market,156.35,,Weekly,Sometimes,,Bad roads,Smartphone,Always,4,No,"Mobile Money, Cash","Aggregation centre, Training",3,Mean common easy just.,Pretty region ability live car difficult.,Yes,No,,,
11/14/2025 9:11,25–34,Male,Mangochi,I Village,8–15 years,Family land,"Rice, Beans, Maize",1–2 acres,6,Middlemen,723.08,892.8997321,Never,Yes,10729.32,"Bad roads, High cost",Smartphone,Never,2,Maybe,"Bank, Mobile Money","Price information, Mobile app, Aggregation centre",3,Model particular hair truth hold simple.,Act receive stage write institution car.,Yes,No,,169.8197321,-10559.500267899999
5/14/2025 23:56,45–54,Female,Mangochi,Pick Village,1–3 years,Own land,"Vegetables, Fruits",Less than 1 acre,11,Home/Village,239.91,443.8455055,Once per season,Yes,5845.4,"Middlemen, Bad roads",Feature phone,Never,4,Yes,"Bank, Cash","Price information, Training",1,Appear piece free form newspaper hit edge surface.,Director become south billion.,Yes,No,,203.9355055,-5641.4644945
7/9/2025 1:52,55+,Female,Mangochi,Management Village,1–3 years,Own land,"Maize, Beans",More than 5 acres,86,Home/Village,348.34,,Monthly,No,,High cost,Feature phone,Sometimes,4,Yes,Bank,Training,5,Their four old center glass whose recognize hot.,Thing case similar send card year.,Yes,No,,,
11/4/2025 20:06,18–24,Male,Karonga,Newspaper Village,8–15 years,Rented land,"Groundnuts, Beans, Vegetables",3–5 acres,95,Home/Village,162.9,,Occasionally,Yes,14658.54,"No transport, Long distance",Feature phone,Never,5,Maybe,"Mobile Money, Cash",Mobile app,2,Remember be next poor foreign campaign reflect water.,Attention none particular clearly.,Yes,No,,,
7/7/2025 5:35,18–24,Female,Mzimba,Enter Village,1–3 years,Own land,Maize,Less than 1 acre,38,Home/Village,452.57,584.8243595,Weekly,Sometimes,,Long distance,Feature phone,Sometimes,4,No,Cash,Aggregation centre,5,Behavior provide meet adult final week game.,Reveal physical character in rather team.,Yes,No,,132.25435950000002,
8/23/2025 15:39,35–44,Male,Lilongwe,On Village,8–15 years,Own land,Beans,1–2 acres,95,Home/Village,738.09,905.6356482,Monthly,Yes,9973.61,"No transport, Middlemen",No,Rarely,4,Maybe,"Cash, Bank","Price information, Aggregation centre, Mobile app",5,Court yourself choice fast small medical music.,To cause but role.,Yes,No,,167.54564819999996,-9806.0643518
1/3/2025 13:29,25–34,Female,Blantyre,Traditional Village,8–15 years,Family land,"Vegetables, Maize",More than 5 acres,21,Middlemen,424.51,660.5797664,Once per season,No,,"Middlemen, Spoilage, Bad roads",Smartphone,Sometimes,3,Yes,Cash,Cooperative transport,1,Also from short capital heavy class story.,White fire cause everybody base network.,Yes,No,,236.06976640000005,
7/14/2025 21:27,55+,Female,Mangochi,Yes Village,More than 15 years,Own land,"Rice, Vegetables",3–5 acres,47,Town market,275.65,543.6081947,Occasionally,No,,"No transport, Spoilage, Bad roads",No,Always,5,Maybe,"Mobile Money, Bank",Mobile app,1,Speak close join improve put down know expect.,Return expect wait agree suggest then day parent.,Yes,No,,267.95819470000004,
2/23/2025 23:16,45–54,Male,Mangochi,Activity Village,Less than 1 year,Family land,Fruits,3–5 acres,63,Local market,677.59,,Occasionally,Sometimes,,"No transport, Bad roads, High cost",Smartphone,Sometimes,1,Maybe,Bank,"Training, Price information",1,Doctor dream whole six tough create question.,Security far approach today west.,Yes,No,,,
6/20/2025 20:09,25–34,Female,Dedza,Response Village,8–15 years,Family land,"Rice, Fruits, Vegetables",Less than 1 acre,112,Home/Village,702.16,,Weekly,No,,"High cost, No transport, Long distance",Smartphone,Always,2,Yes,Bank,"Price information, Aggregation centre, Cooperative transport",4,Worker left example high month whom stage.,History drop point audience thousand activity guess.,Yes,No,,,
3/6/2025 7:33,45–54,Female,Blantyre,Set Village,4–7 years,Family land,Beans,More than 5 acres,55,Town market,271.63,,Never,Yes,12514.73,"Bad roads, Long distance",Feature phone,Sometimes,4,Maybe,"Mobile Money, Bank","Mobile app, Aggregation centre",5,Catch economic political them never bill suffer surface.,Car team nothing half raise several.,Yes,No,,,
3/31/2025 7:40,35–44,Female,Mangochi,Building Village,Less than 1 year,Rented land,"Fruits, Maize, Vegetables",More than 5 acres,58,Town market,689.6,,Once per season,No,,"Spoilage, Bad roads",No,Never,2,Maybe,"Cash, Bank","Aggregation centre, Cooperative transport",3,Base civil last message store.,Admit attack energy always.,Yes,No,,,
1/30/2025 22:30,35–44,Female,Blantyre,Rest Village,Less than 1 year,Rented land,"Beans, Fruits",1–2 acres,28,Local market,813.11,,Weekly,Sometimes,,"Bad roads, High cost",Feature phone,Rarely,1,No,"Mobile Money, Bank",Price information,2,Watch develop later glass.,We huge expert Republican.,Yes,No,,,
7/19/2025 19:52,18–24,Female,Mzimba,Value Village,Less than 1 year,Rented land,"Vegetables, Rice, Maize",More than 5 acres,29,Middlemen,266.46,,Once per season,No,,"Bad roads, Spoilage",No,Always,2,No,"Cash, Bank","Cooperative transport, Aggregation centre, Training",4,Increase how hear.,Interest I policy Mrs check base.,Yes,No,,,
9/7/2025 21:38,55+,Male,Dedza,Not Village,More than 15 years,Family land,"Beans, Maize, Rice",More than 5 acres,75,City market,689.69,848.1038335,Never,No,,"Spoilage, Middlemen, Long distance",Smartphone,Sometimes,1,Yes,Bank,Cooperative transport,3,Yes heart agreement us stuff practice.,Memory data space movie.,Yes,No,,158.4138334999999,
4/20/2025 1:20,45–54,Female,Blantyre,Social Village,8–15 years,Rented land,Rice,Less than 1 acre,56,City market,646.0,,Never,No,,"Bad roads, High cost, No transport",Feature phone,Sometimes,3,Yes,Mobile Money,"Cooperative transport, Price information, Mobile app",5,Case expert stop receive.,Only shake power poor financial join.,Yes,No,,,
